,Athelete ID,NOC,Games,Year,Season,City,Sport,Event,Medal
0,1,CHN,1992 Summer,1992,Summer,Barcelona,Basketball,Basketball Men's Basketball,
1000,562,POL,1998 Winter,1998,Winter,Nagano,Speed Skating,"Speed Skating Men's 1,000 metres",
2000,1106,IRI,1964 Winter,1964,Winter,Innsbruck,Alpine Skiing,Alpine Skiing Men's Giant Slalom,
3000,1671,JPN,1968 Winter,1968,Winter,Grenoble,Ice Hockey,Ice Hockey Men's Ice Hockey,
4000,2305,ARG,1928 Summer,1928,Summer,Amsterdam,Athletics,Athletics Men's 100 metres,
5000,2851,CAN,1992 Winter,1992,Winter,Albertville,Ski Jumping,"Ski Jumping Men's Large Hill, Team",
6000,3370,ITA,1984 Summer,1984,Summer,Los Angeles,Equestrianism,"Equestrianism Mixed Three-Day Event, Individual",
7000,3926,SWE,1952 Summer,1952,Summer,Helsinki,Canoeing,"Canoeing Men's Canadian Singles, 1,000 metres",
8000,4432,GBR,1920 Summer,1920,Summer,Antwerpen,Swimming,Swimming Men's 400 metres Freestyle,
9000,4949,TCH,1920 Summer,1920,Summer,Antwerpen,Tennis,Tennis Men's Doubles,
10000,5463,PHI,1968 Summer,1968,Summer,Mexico City,Swimming,Swimming Men's 400 metres Freestyle,
11000,6008,ITA,1964 Winter,1964,Winter,Innsbruck,Luge,Luge Women's Singles,
12000,6541,POL,1968 Winter,1968,Winter,Grenoble,Alpine Skiing,Alpine Skiing Men's Downhill,
13000,7070,CAN,1948 Summer,1948,Summer,London,Basketball,Basketball Men's Basketball,
14000,7571,CAN,1992 Summer,1992,Summer,Barcelona,Fencing,"Fencing Men's Sabre, Individual",
15000,8096,AUS,1980 Summer,1980,Summer,Moskva,Athletics,Athletics Men's Marathon,
16000,8620,GBR,1896 Summer,1896,Summer,Athina,Cycling,Cycling Men's 333 metres Time Trial,
17000,9105,POL,1976 Summer,1976,Summer,Montreal,Fencing,"Fencing Women's Foil, Team",
18000,9565,GBR,1928 Summer,1928,Summer,Amsterdam,Art Competitions,"Art Competitions Mixed Painting, Drawings And Water Colors",
19000,10051,ITA,1912 Summer,1912,Summer,Stockholm,Fencing,"Fencing Men's Sabre, Team",
20000,10532,GER,1998 Winter,1998,Winter,Nagano,Alpine Skiing,Alpine Skiing Women's Slalom,
21000,11090,FRA,1984 Summer,1984,Summer,Los Angeles,Basketball,Basketball Men's Basketball,
22000,11600,NZL,2008 Summer,2008,Summer,Beijing,Football,Football Women's Football,
23000,12090,NZL,1976 Winter,1976,Winter,Innsbruck,Alpine Skiing,Alpine Skiing Men's Downhill,
24000,12602,SUI,1992 Summer,1992,Summer,Barcelona,Rowing,Rowing Men's Quadruple Sculls,
25000,13091,ITA,1980 Summer,1980,Summer,Moskva,Basketball,Basketball Men's Basketball,Silver
26000,13566,AUS,1996 Summer,1996,Summer,Atlanta,Basketball,Basketball Men's Basketball,
27000,14046,ALG,1988 Summer,1988,Summer,Seoul,Athletics,Athletics Women's 800 metres,
28000,14502,CAN,2004 Summer,2004,Summer,Athina,Softball,Softball Women's Softball,
29000,14998,GER,2000 Summer,2000,Summer,Sydney,Fencing,"Fencing Men's Foil, Team",
30000,15488,BAH,2000 Summer,2000,Summer,Sydney,Athletics,Athletics Men's 4 x 400 metres Relay,Bronze
31000,15962,FIJ,2012 Summer,2012,Summer,London,Swimming,Swimming Women's 100 metres Breaststroke,
32000,16445,CRO,2012 Summer,2012,Summer,London,Handball,Handball Men's Handball,Bronze
33000,16981,RUS,2002 Winter,2002,Winter,Salt Lake City,Figure Skating,Figure Skating Women's Singles,
34000,17513,PHI,1968 Summer,1968,Summer,Mexico City,Boxing,Boxing Men's Bantamweight,
35000,18032,GBR,1980 Summer,1980,Summer,Moskva,Athletics,Athletics Men's Shot Put,
36000,18495,AUS,1998 Winter,1998,Winter,Nagano,Figure Skating,Figure Skating Mixed Pairs,
37000,19025,CHI,2012 Summer,2012,Summer,London,Gymnastics,Gymnastics Women's Balance Beam,
38000,19528,CUB,2016 Summer,2016,Summer,Rio de Janeiro,Athletics,Athletics Men's 4 x 400 metres Relay,
39000,20083,KEN,2004 Summer,2004,Summer,Athina,Athletics,"Athletics Men's 5,000 metres",
40000,20572,HKG,1960 Summer,1960,Summer,Roma,Swimming,Swimming Men's 100 metres Freestyle,
41000,21127,HKG,1984 Summer,1984,Summer,Los Angeles,Judo,Judo Men's Half-Lightweight,
42000,21648,USA,2004 Summer,2004,Summer,Athina,Rowing,Rowing Men's Coxed Eights,Gold
43000,22173,AUS,1956 Summer,1956,Summer,Melbourne,Rowing,Rowing Men's Coxed Pairs,
44000,22673,IRL,2016 Summer,2016,Summer,Rio de Janeiro,Boxing,Boxing Men's Bantamweight,
45000,23206,MEX,2012 Summer,2012,Summer,London,Football,Football Men's Football,Gold
46000,23735,USA,2000 Summer,2000,Summer,Sydney,Athletics,Athletics Men's 110 metres Hurdles,Bronze
47000,24220,CHI,1984 Summer,1984,Summer,Los Angeles,Cycling,"Cycling Men's Team Pursuit, 4,000 metres",
48000,24734,BRA,1976 Summer,1976,Summer,Montreal,Athletics,Athletics Men's 200 metres,
49000,25251,CZE,2010 Winter,2010,Winter,Vancouver,Bobsleigh,Bobsleigh Men's Four,
50000,25745,GBR,1912 Summer,1912,Summer,Stockholm,Fencing,"Fencing Men's epee, Team",Silver
51000,26213,NED,2002 Winter,2002,Winter,Salt Lake City,Speed Skating,"Speed Skating Women's 5,000 metres",
52000,26727,USA,1936 Summer,1936,Summer,Berlin,Fencing,"Fencing Women's Foil, Individual",
53000,27214,FRA,2000 Summer,2000,Summer,Sydney,Equestrianism,"Equestrianism Mixed Jumping, Individual",
54000,27708,YUG,1924 Summer,1924,Summer,Paris,Gymnastics,Gymnastics Men's Team All-Around,
55000,28189,POR,1948 Summer,1948,Summer,London,Athletics,Athletics Men's Long Jump,
56000,28693,CAN,1968 Summer,1968,Summer,Mexico City,Gymnastics,Gymnastics Men's Parallel Bars,
57000,29198,AUT,1972 Summer,1972,Summer,Munich,Shooting,"Shooting Mixed Free Pistol, 50 metres",Bronze
58000,29680,GBR,1988 Summer,1988,Summer,Seoul,Table Tennis,Table Tennis Men's Doubles,
59000,30200,RSA,1992 Summer,1992,Summer,Barcelona,Wrestling,"Wrestling Men's Featherweight, Freestyle",
60000,30729,GER,2000 Summer,2000,Summer,Sydney,Fencing,"Fencing Women's epee, Individual",
61000,31251,GER,1932 Summer,1932,Summer,Los Angeles,Athletics,Athletics Men's Decathlon,Bronze
62000,31743,LTU,1992 Summer,1992,Summer,Barcelona,Basketball,Basketball Men's Basketball,Bronze
63000,32293,ISL,2008 Summer,2008,Summer,Beijing,Athletics,Athletics Women's Pole Vault,
64000,32791,LUX,1924 Summer,1924,Summer,Paris,Gymnastics,Gymnastics Men's Rings,
65000,33265,GER,1952 Summer,1952,Summer,Helsinki,Fencing,"Fencing Men's Sabre, Team",
66000,33769,GER,2004 Summer,2004,Summer,Athina,Gymnastics,Gymnastics Men's Horizontal Bar,
67000,34270,ITA,1992 Winter,1992,Winter,Albertville,Cross Country Skiing,Cross Country Skiing Men's 10 kilometres,
68000,34732,AHO,1960 Summer,1960,Summer,Roma,Weightlifting,Weightlifting Men's Middle-Heavyweight,
69000,35183,FRA,1920 Summer,1920,Summer,Antwerpen,Equestrianism,"Equestrianism Men's Vaulting, Individual",Silver
70000,35659,POR,1936 Summer,1936,Summer,Berlin,Sailing,Sailing Mixed Two Person Keelboat,
71000,36149,AND,1980 Winter,1980,Winter,Lake Placid,Alpine Skiing,Alpine Skiing Men's Downhill,
72000,36632,ITA,1964 Summer,1964,Summer,Tokyo,Gymnastics,Gymnastics Men's Pommelled Horse,
73000,37102,FRA,1968 Summer,1968,Summer,Mexico City,Rowing,Rowing Men's Coxed Fours,
74000,37597,GER,1964 Summer,1964,Summer,Tokyo,Gymnastics,Gymnastics Men's Horse Vault,
75000,38057,ARG,1952 Summer,1952,Summer,Helsinki,Fencing,"Fencing Men's Sabre, Team",
76000,38573,CUB,2012 Summer,2012,Summer,London,Swimming,Swimming Men's 50 metres Freestyle,
77000,39076,FRA,1924 Summer,1924,Summer,Paris,Fencing,"Fencing Men's epee, Team",Gold
78000,39611,BUL,1988 Summer,1988,Summer,Seoul,Gymnastics,Gymnastics Men's Horse Vault,
79000,40112,GRE,2008 Summer,2008,Summer,Beijing,Swimming,Swimming Men's 4 x 200 metres Freestyle Relay,
80000,40600,GBR,1964 Winter,1964,Winter,Innsbruck,Alpine Skiing,Alpine Skiing Women's Slalom,
81000,41131,RUS,2000 Summer,2000,Summer,Sydney,Shooting,"Shooting Women's Air Rifle, 10 metres",
82000,41639,ARG,1952 Summer,1952,Summer,Helsinki,Basketball,Basketball Men's Basketball,
83000,42161,USA,1936 Summer,1936,Summer,Berlin,Athletics,Athletics Men's Pole Vault,
84000,42689,CRC,1988 Summer,1988,Summer,Seoul,Swimming,Swimming Men's 200 metres Backstroke,
85000,43136,NED,2004 Summer,2004,Summer,Athina,Swimming,Swimming Women's 100 metres Butterfly,
86000,43610,ESA,1968 Summer,1968,Summer,Mexico City,Swimming,Swimming Men's 400 metres Freestyle,
87000,44128,SWE,2000 Summer,2000,Summer,Sydney,Swimming,Swimming Men's 4 x 100 metres Medley Relay,
88000,44619,MAR,1972 Summer,1972,Summer,Munich,Athletics,Athletics Women's 800 metres,
89000,45124,FIN,1980 Summer,1980,Summer,Moskva,Wrestling,"Wrestling Men's Flyweight, Greco-Roman",
90000,45610,AUS,2000 Summer,2000,Summer,Sydney,Equestrianism,"Equestrianism Mixed Dressage, Team",
91000,46107,ESP,1968 Summer,1968,Summer,Mexico City,Athletics,"Athletics Men's 3,000 metres Steeplechase",
92000,46617,SUI,1948 Summer,1948,Summer,London,Fencing,"Fencing Men's epee, Team",
93000,47115,UKR,2014 Winter,2014,Winter,Sochi,Figure Skating,Figure Skating Mixed Ice Dancing,
94000,47581,CAN,2008 Summer,2008,Summer,Beijing,Sailing,Sailing Women's Three Person Keelboat,
95000,48104,ARG,2004 Summer,2004,Summer,Athina,Taekwondo,Taekwondo Men's Featherweight,
96000,48602,HKG,1964 Summer,1964,Summer,Tokyo,Athletics,Athletics Men's 200 metres,
97000,49106,NOR,2012 Summer,2012,Summer,London,Rowing,Rowing Men's Double Sculls,
98000,49607,CZE,2000 Summer,2000,Summer,Sydney,Canoeing,"Canoeing Men's Kayak Doubles, 500 metres",
99000,50108,YUG,1948 Summer,1948,Summer,London,Rowing,Rowing Men's Coxed Pairs,
100000,50605,CHN,1996 Summer,1996,Summer,Atlanta,Athletics,Athletics Men's Long Jump,
101000,51070,USA,1960 Summer,1960,Summer,Roma,Swimming,Swimming Men's 100 metres Freestyle,
102000,51597,ROU,1984 Winter,1984,Winter,Sarajevo,Alpine Skiing,Alpine Skiing Women's Giant Slalom,
103000,52114,FIN,1996 Summer,1996,Summer,Atlanta,Athletics,Athletics Women's Javelin Throw,
104000,52626,NED,1924 Summer,1924,Summer,Paris,Art Competitions,Art Competitions Mixed Painting,
105000,53146,GBR,1984 Summer,1984,Summer,Los Angeles,Canoeing,"Canoeing Men's Kayak Singles, 1,000 metres",
106000,53618,KOR,2008 Summer,2008,Summer,Beijing,Swimming,Swimming Women's 100 metres Freestyle,
107000,54082,SRI,2008 Summer,2008,Summer,Beijing,Badminton,Badminton Women's Singles,
108000,54599,KOR,2006 Winter,2006,Winter,Torino,Cross Country Skiing,Cross Country Skiing Men's 30 km Skiathlon,
109000,55109,NOR,1952 Summer,1952,Summer,Helsinki,Gymnastics,Gymnastics Men's Rings,
110000,55617,USA,2002 Winter,2002,Winter,Salt Lake City,Cross Country Skiing,Cross Country Skiing Women's 15 kilometres,
111000,56161,KOR,1988 Summer,1988,Summer,Seoul,Gymnastics,Gymnastics Men's Horse Vault,
112000,56724,ZIM,2016 Summer,2016,Summer,Rio de Janeiro,Football,Football Women's Football,
113000,57251,THA,1964 Summer,1964,Summer,Tokyo,Sailing,Sailing Mixed One Person Dinghy,
114000,57745,NED,1964 Summer,1964,Summer,Tokyo,Cycling,"Cycling Men's Road Race, Individual",
115000,58252,LIB,1980 Summer,1980,Summer,Moskva,Cycling,"Cycling Men's Road Race, Individual",
116000,58749,NZL,2000 Summer,2000,Summer,Sydney,Swimming,Swimming Men's 400 metres Individual Medley,
117000,59243,CYP,2004 Summer,2004,Summer,Athina,Sailing,Sailing Women's Windsurfer,
118000,59706,NOR,1998 Winter,1998,Winter,Nagano,Bobsleigh,Bobsleigh Men's Four,
119000,60241,KOR,2008 Summer,2008,Summer,Beijing,Gymnastics,Gymnastics Men's Team All-Around,
120000,60751,FIN,2016 Summer,2016,Summer,Rio de Janeiro,Gymnastics,Gymnastics Men's Rings,
121000,61202,CAN,1988 Summer,1988,Summer,Seoul,Shooting,"Shooting Men's Air Rifle, 10 metres",
122000,61682,JPN,1998 Winter,1998,Winter,Nagano,Luge,Luge Women's Singles,
123000,62165,TCH,1952 Summer,1952,Summer,Helsinki,Gymnastics,Gymnastics Men's Floor Exercise,
124000,62636,SWE,1964 Summer,1964,Summer,Tokyo,Gymnastics,Gymnastics Men's Horizontal Bar,
125000,63092,CRO,2006 Winter,2006,Winter,Torino,Alpine Skiing,Alpine Skiing Men's Slalom,
126000,63544,CAN,1956 Summer,1956,Summer,Melbourne,Athletics,Athletics Women's Long Jump,
127000,64027,AUT,1976 Summer,1976,Summer,Montreal,Swimming,Swimming Men's 200 metres Breaststroke,
128000,64503,CZE,1996 Summer,1996,Summer,Atlanta,Swimming,Swimming Women's 100 metres Butterfly,
129000,64950,RUS,1912 Summer,1912,Summer,Stockholm,Sailing,Sailing Mixed 8 metres,
130000,65439,NOR,1972 Summer,1972,Summer,Munich,Gymnastics,Gymnastics Women's Uneven Bars,
131000,65943,MAR,2012 Summer,2012,Summer,London,Cycling,Cycling Men's Individual Time Trial,
132000,66435,GER,1960 Summer,1960,Summer,Roma,Canoeing,Canoeing Men's Kayak Relay 4 x 500 metres,Gold
133000,66946,URS,1988 Summer,1988,Summer,Seoul,Gymnastics,Gymnastics Women's Team All-Around,Gold
134000,67472,TPE,2012 Summer,2012,Summer,London,Archery,Archery Women's Individual,
135000,67926,KOR,2010 Winter,2010,Winter,Vancouver,Short Track Speed Skating,"Short Track Speed Skating Men's 1,000 metres",Silver
136000,68425,FIN,1984 Winter,1984,Winter,Sarajevo,Ice Hockey,Ice Hockey Men's Ice Hockey,
137000,68878,FRA,2016 Summer,2016,Summer,Rio de Janeiro,Equestrianism,"Equestrianism Mixed Jumping, Team",Gold
138000,69346,CHN,2004 Summer,2004,Summer,Athina,Athletics,Athletics Women's Shot Put,
139000,69825,FIN,1972 Winter,1972,Winter,Sapporo,Cross Country Skiing,Cross Country Skiing Men's 15 kilometres,
140000,70291,NOR,1984 Winter,1984,Winter,Sarajevo,Cross Country Skiing,Cross Country Skiing Men's 4 x 10 kilometres Relay,
141000,70777,SWE,1988 Summer,1988,Summer,Seoul,Wrestling,"Wrestling Men's Bantamweight, Greco-Roman",
142000,71234,ITA,2006 Winter,2006,Winter,Torino,Biathlon,Biathlon Men's 20 kilometres,
143000,71761,HUN,1976 Summer,1976,Summer,Montreal,Gymnastics,Gymnastics Women's Floor Exercise,
144000,72270,SWE,1980 Winter,1980,Winter,Lake Placid,Cross Country Skiing,Cross Country Skiing Men's 50 kilometres,
145000,72776,NED,1952 Winter,1952,Winter,Oslo,Speed Skating,Speed Skating Men's 500 metres,
146000,73260,DEN,1920 Summer,1920,Summer,Antwerpen,Shooting,"Shooting Men's Small Bore-Rifle, Standing, 50 metres, Team",
147000,73771,HUN,1972 Summer,1972,Summer,Munich,Athletics,Athletics Men's High Jump,
148000,74273,CHN,2014 Winter,2014,Winter,Sochi,Cross Country Skiing,Cross Country Skiing Women's 10 kilometres,
149000,74733,FRA,1900 Summer,1900,Summer,Paris,Swimming,Swimming Men's 200 metres Obstacle Course,
150000,75223,CAN,1932 Summer,1932,Summer,Los Angeles,Fencing,"Fencing Men's Foil, Individual",
151000,75779,GUA,1996 Summer,1996,Summer,Atlanta,Athletics,Athletics Men's 20 kilometres Walk,
152000,76283,ITA,2012 Summer,2012,Summer,London,Volleyball,Volleyball Men's Volleyball,Bronze
153000,76785,POL,1936 Summer,1936,Summer,Berlin,Football,Football Men's Football,
154000,77319,GBR,1960 Winter,1960,Winter,Squaw Valley,Alpine Skiing,Alpine Skiing Women's Giant Slalom,
155000,77793,NZL,2004 Summer,2004,Summer,Athina,Swimming,Swimming Women's 100 metres Backstroke,
156000,78324,COL,1964 Summer,1964,Summer,Tokyo,Athletics,"Athletics Men's 5,000 metres",
157000,78863,ISV,2000 Summer,2000,Summer,Sydney,Shooting,"Shooting Men's Small-Bore Rifle, Prone, 50 metres",
158000,79317,CHN,2012 Summer,2012,Summer,London,Modern Pentathlon,Modern Pentathlon Women's Individual,
159000,79812,GBR,2016 Summer,2016,Summer,Rio de Janeiro,Swimming,Swimming Women's 400 metres Individual Medley,
160000,80289,SCG,2000 Summer,2000,Summer,Sydney,Shooting,"Shooting Men's Air Rifle, 10 metres",
161000,80791,TTO,2008 Summer,2008,Summer,Beijing,Athletics,Athletics Men's 400 metres,
162000,81330,AUS,1988 Summer,1988,Summer,Seoul,Athletics,Athletics Men's Marathon,
163000,81843,CZE,2014 Winter,2014,Winter,Sochi,Cross Country Skiing,Cross Country Skiing Women's 4 x 5 kilometres Relay,
164000,82311,AUT,1996 Summer,1996,Summer,Atlanta,Cycling,"Cycling Men's Road Race, Individual",
165000,82860,TCH,1968 Summer,1968,Summer,Mexico City,Gymnastics,Gymnastics Men's Individual All-Around,
166000,83365,ROU,2016 Summer,2016,Summer,Rio de Janeiro,Gymnastics,Gymnastics Men's Pommelled Horse,
167000,83902,FIN,1994 Winter,1994,Winter,Lillehammer,Cross Country Skiing,Cross Country Skiing Men's 50 kilometres,Silver
168000,84408,LIB,1960 Summer,1960,Summer,Roma,Wrestling,"Wrestling Men's Bantamweight, Greco-Roman",
169000,84953,ROU,1992 Winter,1992,Winter,Albertville,Ski Jumping,"Ski Jumping Men's Normal Hill, Individual",
170000,85438,ISV,1992 Summer,1992,Summer,Barcelona,Sailing,Sailing Women's Windsurfer,
171000,85939,CRC,1988 Summer,1988,Summer,Seoul,Swimming,Swimming Women's 100 metres Breaststroke,
172000,86420,SWE,1912 Summer,1912,Summer,Stockholm,Gymnastics,"Gymnastics Men's Team All-Around, Swedish System",Gold
173000,86938,USA,2000 Summer,2000,Summer,Sydney,Volleyball,Volleyball Women's Volleyball,
174000,87406,AUT,2000 Summer,2000,Summer,Sydney,Rowing,Rowing Men's Quadruple Sculls,
175000,87925,POL,1968 Summer,1968,Summer,Mexico City,Gymnastics,Gymnastics Women's Team All-Around,
176000,88467,NED,1906 Summer,1906,Summer,Athina,Fencing,"Fencing Men's Foil, Individual",
177000,88983,SWE,1968 Winter,1968,Winter,Grenoble,Ice Hockey,Ice Hockey Men's Ice Hockey,
178000,89444,ITA,1928 Summer,1928,Summer,Amsterdam,Boxing,Boxing Men's Lightweight,Gold
179000,89957,SUI,2006 Winter,2006,Winter,Torino,Figure Skating,Figure Skating Men's Singles,
180000,90475,ESP,2014 Winter,2014,Winter,Sochi,Biathlon,Biathlon Women's 7.5 kilometres Sprint,
181000,90973,BUL,1952 Summer,1952,Summer,Helsinki,Football,Football Men's Football,
182000,91465,KOR,1984 Summer,1984,Summer,Los Angeles,Weightlifting,Weightlifting Men's Middleweight,
183000,91977,POL,2004 Summer,2004,Summer,Athina,Canoeing,"Canoeing Women's Kayak Doubles, 500 metres",Bronze
184000,92472,ISR,2008 Summer,2008,Summer,Beijing,Tennis,Tennis Women's Singles,
185000,92985,FRA,2000 Summer,2000,Summer,Sydney,Athletics,"Athletics Men's 3,000 metres Steeplechase",
186000,93516,RUS,2016 Summer,2016,Summer,Rio de Janeiro,Archery,Archery Women's Individual,
187000,94003,FRA,1992 Winter,1992,Winter,Albertville,Figure Skating,Figure Skating Men's Singles,
188000,94442,AUS,2004 Summer,2004,Summer,Athina,Tennis,Tennis Men's Singles,
189000,94940,POL,1980 Summer,1980,Summer,Moskva,Canoeing,"Canoeing Men's Canadian Doubles, 1,000 metres",
190000,95428,ESP,1996 Summer,1996,Summer,Atlanta,Gymnastics,Gymnastics Women's Balance Beam,
191000,95923,BLR,1996 Summer,1996,Summer,Atlanta,Gymnastics,Gymnastics Women's Floor Exercise,
192000,96406,FIN,1964 Winter,1964,Winter,Innsbruck,Biathlon,Biathlon Men's 20 kilometres,
193000,96902,CAN,1964 Summer,1964,Summer,Tokyo,Rowing,Rowing Men's Coxed Eights,
194000,97388,URS,1980 Summer,1980,Summer,Moskva,Athletics,Athletics Men's 110 metres Hurdles,Bronze
195000,97861,FRA,1984 Summer,1984,Summer,Los Angeles,Athletics,Athletics Men's 400 metres,
196000,98416,CAN,1904 Summer,1904,Summer,St. Louis,Lacrosse,Lacrosse Men's Lacrosse,Bronze
197000,98894,FIN,1992 Summer,1992,Summer,Barcelona,Athletics,Athletics Women's Javelin Throw,
198000,99410,SCG,2000 Summer,2000,Summer,Sydney,Basketball,Basketball Men's Basketball,
199000,99948,FRA,1956 Summer,1956,Summer,Melbourne,Canoeing,"Canoeing Men's Canadian Doubles, 1,000 metres",
200000,100449,ISV,2000 Summer,2000,Summer,Sydney,Shooting,"Shooting Men's Free Pistol, 50 metres",
201000,100965,PUR,1992 Summer,1992,Summer,Barcelona,Tennis,Tennis Men's Doubles,
202000,101455,USA,2012 Summer,2012,Summer,London,Athletics,Athletics Men's 800 metres,
203000,101948,GBR,2012 Summer,2012,Summer,London,Hockey,Hockey Women's Hockey,Bronze
204000,102423,BEL,1972 Summer,1972,Summer,Munich,Hockey,Hockey Men's Hockey,
205000,102931,FRA,1980 Summer,1980,Summer,Moskva,Judo,Judo Men's Half-Heavyweight,
206000,103410,ESP,1976 Summer,1976,Summer,Montreal,Athletics,"Athletics Men's 10,000 metres",
207000,103888,KAZ,2008 Summer,2008,Summer,Beijing,Athletics,Athletics Women's Triple Jump,
208000,104405,FRA,1912 Summer,1912,Summer,Stockholm,Rowing,"Rowing Men's Coxed Fours, Outriggers",
209000,104923,GER,2000 Summer,2000,Summer,Sydney,Equestrianism,"Equestrianism Mixed Dressage, Team",Gold
210000,105426,GBR,1980 Winter,1980,Winter,Lake Placid,Speed Skating,"Speed Skating Men's 5,000 metres",
211000,105956,CAN,2008 Summer,2008,Summer,Beijing,Fencing,"Fencing Women's Sabre, Team",
212000,106433,ITA,2002 Winter,2002,Winter,Salt Lake City,Figure Skating,Figure Skating Mixed Ice Dancing,
213000,106960,GDR,1980 Summer,1980,Summer,Moskva,Athletics,Athletics Men's 100 metres,
214000,107459,FRG,1972 Summer,1972,Summer,Munich,Gymnastics,Gymnastics Women's Floor Exercise,
215000,107927,USA,1904 Summer,1904,Summer,St. Louis,Gymnastics,"Gymnastics Men's Individual All-Around, Field Sports",
216000,108424,ROU,1960 Summer,1960,Summer,Roma,Cycling,Cycling Men's 100 kilometres Team Time Trial,
217000,108980,FRA,1996 Summer,1996,Summer,Atlanta,Gymnastics,Gymnastics Women's Individual All-Around,
218000,109503,URS,1952 Summer,1952,Summer,Helsinki,Equestrianism,"Equestrianism Men's Jumping, Team",
219000,110000,BLR,2000 Summer,2000,Summer,Sydney,Gymnastics,Gymnastics Men's Team All-Around,
220000,110513,BRA,2008 Summer,2008,Summer,Beijing,Swimming,Swimming Men's 4 x 100 metres Freestyle Relay,
221000,111027,IND,1976 Summer,1976,Summer,Montreal,Hockey,Hockey Men's Hockey,
222000,111574,YUG,1960 Summer,1960,Summer,Roma,Rowing,Rowing Men's Coxed Fours,
223000,112002,NED,1928 Summer,1928,Summer,Amsterdam,Art Competitions,"Art Competitions Mixed Painting, Paintings",
224000,112509,AUT,2014 Winter,2014,Winter,Sochi,Cross Country Skiing,Cross Country Skiing Women's Team Sprint,
225000,113040,ITA,2000 Summer,2000,Summer,Sydney,Athletics,"Athletics Women's 10,000 metres",
226000,113566,DEN,1932 Summer,1932,Summer,Los Angeles,Cycling,"Cycling Men's Road Race, Team",Silver
227000,114070,EGY,2008 Summer,2008,Summer,Beijing,Gymnastics,Gymnastics Men's Individual All-Around,
228000,114527,USA,1984 Summer,1984,Summer,Los Angeles,Hockey,Hockey Women's Hockey,Bronze
229000,114977,NRU,1996 Summer,1996,Summer,Atlanta,Weightlifting,Weightlifting Men's Bantamweight,
230000,115465,USA,1988 Summer,1988,Summer,Seoul,Handball,Handball Women's Handball,
231000,115928,NZL,1956 Summer,1956,Summer,Melbourne,Athletics,Athletics Women's 100 metres,
232000,116394,AFG,1936 Summer,1936,Summer,Berlin,Hockey,Hockey Men's Hockey,
233000,116876,NOR,2006 Winter,2006,Winter,Torino,Cross Country Skiing,Cross Country Skiing Men's Team Sprint,Silver
234000,117363,POL,2004 Summer,2004,Summer,Athina,Cycling,"Cycling Women's Mountainbike, Cross-Country",
235000,117845,GBR,1908 Summer,1908,Summer,London,Sailing,Sailing Mixed 12 metres,Gold
236000,118331,JPN,1968 Summer,1968,Summer,Mexico City,Swimming,Swimming Men's 4 x 100 metres Medley Relay,
237000,118843,TUR,2004 Summer,2004,Summer,Athina,Swimming,Swimming Men's 100 metres Freestyle,
238000,119349,TCH,1992 Summer,1992,Summer,Barcelona,Cycling,Cycling Men's Points Race,
239000,119817,GBR,2016 Summer,2016,Summer,Rio de Janeiro,Gymnastics,Gymnastics Men's Team All-Around,
240000,120267,TPE,1968 Summer,1968,Summer,Mexico City,Athletics,Athletics Women's Pentathlon,
241000,120715,ITA,1996 Summer,1996,Summer,Atlanta,Volleyball,Volleyball Men's Volleyball,Silver
242000,121214,HUN,1912 Summer,1912,Summer,Stockholm,Shooting,"Shooting Men's Dueling Pistol, 30 metres",
243000,121695,ITA,1988 Summer,1988,Summer,Seoul,Gymnastics,Gymnastics Men's Horse Vault,
244000,122193,GRE,2004 Summer,2004,Summer,Athina,Weightlifting,Weightlifting Women's Middleweight,
245000,122686,EUN,1992 Summer,1992,Summer,Barcelona,Athletics,Athletics Women's High Jump,
246000,123185,HUN,1924 Summer,1924,Summer,Paris,Fencing,"Fencing Men's Sabre, Team",Silver
247000,123674,SVK,2002 Winter,2002,Winter,Salt Lake City,Short Track Speed Skating,"Short Track Speed Skating Men's 1,500 metres",
248000,124158,BEL,1928 Summer,1928,Summer,Amsterdam,Wrestling,"Wrestling Men's Light-Heavyweight, Freestyle",
249000,124656,NED,1988 Summer,1988,Summer,Seoul,Athletics,Athletics Men's 800 metres,
250000,125207,URS,1988 Summer,1988,Summer,Seoul,Wrestling,"Wrestling Men's Welterweight, Freestyle",Silver
251000,125720,PER,1992 Summer,1992,Summer,Barcelona,Swimming,Swimming Women's 200 metres Breaststroke,
252000,126199,RUS,2008 Summer,2008,Summer,Beijing,Tennis,Tennis Women's Doubles,
253000,126681,USA,2000 Summer,2000,Summer,Sydney,Boxing,Boxing Men's Light-Flyweight,
254000,127184,RUS,1998 Winter,1998,Winter,Nagano,Ski Jumping,"Ski Jumping Men's Normal Hill, Individual",
255000,127645,ARU,2000 Summer,2000,Summer,Sydney,Swimming,Swimming Women's 50 metres Freestyle,
256000,128186,SWE,2016 Summer,2016,Summer,Rio de Janeiro,Handball,Handball Women's Handball,
257000,128685,AUS,1992 Summer,1992,Summer,Barcelona,Hockey,Hockey Men's Hockey,Silver
258000,129196,GER,2000 Summer,2000,Summer,Sydney,Gymnastics,Gymnastics Men's Floor Exercise,
259000,129664,GER,2008 Summer,2008,Summer,Beijing,Rowing,Rowing Men's Double Sculls,
260000,130151,FIN,1920 Summer,1920,Summer,Antwerpen,Athletics,Athletics Men's Decathlon,
261000,130612,USA,2012 Summer,2012,Summer,London,Athletics,Athletics Men's High Jump,
262000,131086,NOR,1968 Winter,1968,Winter,Grenoble,Ski Jumping,"Ski Jumping Men's Normal Hill, Individual",
263000,131603,FRG,1988 Winter,1988,Winter,Calgary,Alpine Skiing,Alpine Skiing Men's Slalom,Silver
264000,132107,CHN,2008 Summer,2008,Summer,Beijing,Baseball,Baseball Men's Baseball,
265000,132600,BUL,2014 Winter,2014,Winter,Sochi,Snowboarding,Snowboarding Men's Parallel Slalom,
266000,133086,BUL,1996 Summer,1996,Summer,Atlanta,Gymnastics,Gymnastics Men's Parallel Bars,
267000,133585,POL,1984 Winter,1984,Winter,Sarajevo,Ice Hockey,Ice Hockey Men's Ice Hockey,
268000,134075,NED,2004 Summer,2004,Summer,Athina,Swimming,Swimming Men's 4 x 100 metres Freestyle Relay,Silver
269000,134591,CHN,2014 Winter,2014,Winter,Sochi,Biathlon,Biathlon Women's 15 kilometres,
270000,135074,GDR,1976 Summer,1976,Summer,Montreal,Athletics,Athletics Women's 800 metres,Bronze
271000,135513,ARG,1952 Summer,1952,Summer,Helsinki,Swimming,Swimming Men's 4 x 200 metres Freestyle Relay,
